residue,residue_name,Carboxylic acid,Ester,Amide,Lactone,Ketone,Aldehyde,Hydroxyl,Phenol,Catechol,Ether,Methylenedioxy,Morpholine,Primary amine,Secondary amine,Tertiary amine,Imidazole,Triazole,Thiazole,Benzimidazole,Pyrimidine,Triazine,Indole,Purine,Xanthine,Nitrile,Nitro,Benzamidine,Thiol,Sulfonamide,Methylsulfone,Hydroxamate,Acylsulfonamide,Phenyl ring,Coumarin,Chromone,Halogen,Epoxide,Endoperoxide,"α,β-unsat. carbonyl",Macrolide,Steroid
A,ALA,1745,3190,2388,104,3254,465,6915,470,20,5804,12,42,872,498,558,4276,35,88,42,5038,1,82,4160,8,64,50,2,267,152,8,13,52,2284,8,15,515,239,0,1047,28,732
C,CYS,1465,391,1110,25,394,116,2484,130,5,2040,3,23,587,219,204,1547,10,37,20,1891,1,30,1491,7,49,24,5,244,51,4,15,9,921,3,3,238,56,1,377,4,745
D,ASP,1903,986,2373,90,1152,485,8957,676,17,7531,9,43,1430,743,525,4653,28,170,53,5584,4,81,4474,18,51,52,9,221,148,4,37,43,1976,8,14,580,125,0,702,39,273
E,GLU,1735,1588,1650,89,1673,378,7021,386,26,5883,8,45,1229,529,365,3322,30,154,29,4076,4,95,3204,22,37,46,3,251,130,10,44,54,1778,6,13,454,71,1,599,22,395
F,PHE,2557,5342,2379,199,5288,745,7671,600,44,6191,18,44,1249,556,652,3785,34,135,58,4625,5,161,3615,34,78,80,1,367,185,7,29,70,2755,10,29,686,296,0,1491,60,1411
G,GLY,2420,3066,3136,106,3157,824,11469,844,26,9577,9,47,1493,908,661,7403,33,184,50,8558,3,104,7263,15,54,62,6,376,170,5,42,67,2768,9,17,615,145,0,1149,31,676
H,HIS,2511,4313,1802,88,4554,600,6292,637,49,4765,8,18,965,466,493,2886,24,120,33,3604,4,72,2780,13,43,62,6,306,124,3,66,46,1752,9,17,405,83,0,774,18,1099
I,ILE,1664,3232,2239,126,3123,408,6222,384,23,5275,12,33,784,363,562,3996,30,150,40,4661,4,82,3897,29,38,44,1,252,140,2,21,45,1979,13,19,455,204,0,1005,38,903
K,LYS,1847,1382,2279,61,1353,619,8949,714,26,7313,8,27,673,675,403,5393,19,59,32,6160,3,38,5301,8,45,55,4,386,109,4,15,33,1489,4,6,496,96,0,876,18,473
L,LEU,2240,5333,2546,132,5191,575,7321,471,30,6181,12,62,1027,457,667,4337,47,153,65,5098,3,95,4160,15,77,73,3,299,181,9,40,54,2685,4,25,686,304,0,1372,44,1279
M,MET,1436,2354,1354,119,2394,300,4105,309,23,3434,10,47,604,286,368,2336,33,81,35,2826,6,71,2238,12,46,38,1,142,102,4,9,33,1584,8,11,417,286,0,874,29,744
N,ASN,1910,1827,2304,92,1869,393,7388,483,31,6098,3,35,961,521,453,3961,23,157,33,4866,4,55,3865,12,41,53,2,307,111,3,14,41,1719,13,9,355,84,0,789,20,472
P,PRO,1209,2061,1539,69,2038,361,4572,239,22,3855,4,23,481,218,320,2642,16,65,44,3174,2,60,2569,7,52,31,1,196,77,6,17,20,1440,9,15,259,191,0,762,22,697
Q,GLN,1459,1589,1451,77,1611,345,4981,306,18,4074,3,11,705,362,270,2471,18,64,16,3133,4,63,2409,9,25,39,1,258,89,5,14,34,1353,5,4,295,98,0,716,22,524
R,ARG,3149,2080,2815,107,2248,474,10019,563,41,8119,8,27,1220,598,493,5334,16,75,29,6390,3,83,5216,17,55,83,1,475,173,6,20,71,2239,15,6,466,91,0,1180,32,739
S,SER,2641,1840,2923,97,1939,658,9557,738,26,7585,5,47,1477,750,562,5460,32,151,44,6493,3,85,5347,16,49,55,9,440,130,7,20,46,2374,10,15,475,86,0,947,26,549
T,THR,2100,1834,2539,72,1920,589,8625,623,27,7164,7,44,1092,654,496,5602,16,121,21,6396,2,78,5497,11,41,44,2,297,142,6,18,52,2069,5,13,482,63,0,820,13,568
V,VAL,1639,2688,2310,106,2659,436,6232,443,28,5369,14,46,794,436,550,4109,37,97,48,4746,7,85,3984,7,59,49,7,318,147,8,20,37,2130,9,17,470,153,0,906,32,810
W,TRP,1382,3722,1231,114,3672,613,5416,301,24,4384,7,41,749,353,463,1669,27,64,30,2076,4,50,1565,33,42,62,7,176,91,3,7,30,1634,7,2,329,155,0,937,36,906
Y,TYR,2852,2729,2758,165,2666,680,8819,775,51,7063,15,67,1483,655,650,3943,36,166,63,4879,2,116,3751,29,73,101,4,325,181,6,30,60,2611,13,16,662,132,0,1122,43,959
